Column,Row,%,Region_Code,Region_Name
28,59,4,A,Seoul
29,59,44.2,A,Seoul
30,59,56.5,A,Seoul
31,59,56.1,A,Seoul
32,59,1.7,A,Seoul
28,60,31,A,Seoul
29,60,97.5,A,Seoul
30,60,100,A,Seoul
31,60,90.8,A,Seoul
32,60,14.8,A,Seoul
28,61,4.8,A,Seoul
29,61,27.6,A,Seoul
30,61,89.85,A,Seoul
31,61,61.8,A,Seoul
30,62,16.7,A,Seoul
31,62,16.3,A,Seoul
18,53,100,B,Incheon
19,53,100,B,Incheon
20,54,100,B,Incheon
21,54,100,B,Incheon
20,55,100,B,Incheon
21,55,100,B,Incheon
22,55,100,B,Incheon
23,55,100,B,Incheon
20,56,100,B,Incheon
21,56,100,B,Incheon
22,56,100,B,Incheon
23,56,100,B,Incheon
24,56,100,B,Incheon
25,56,100,B,Incheon
21,57,100,B,Incheon
22,57,100,B,Incheon
23,57,100,B,Incheon
24,57,100,B,Incheon
25,57,100,B,Incheon
24,58,100,B,Incheon
25,58,100,B,Incheon
26,58,100,B,Incheon
28,58,6,B,Incheon
23,59,100,B,Incheon
24,59,100,B,Incheon
25,59,100,B,Incheon
26,59,100,B,Incheon
27,59,100,B,Incheon
28,59,35,B,Incheon
23,60,100,B,Incheon
24,60,100,B,Incheon
25,60,100,B,Incheon
26,60,100,B,Incheon
27,60,100,B,Incheon
28,60,34,B,Incheon
17,61,100,B,Incheon
18,61,100,B,Incheon
20,61,100,B,Incheon
22,61,100,B,Incheon
23,61,100,B,Incheon
24,61,100,B,Incheon
25,61,100,B,Incheon
27,61,42.6,B,Incheon
28,61,2,B,Incheon
17,62,100,B,Incheon
18,62,100,B,Incheon
22,62,100,B,Incheon
23,62,100,B,Incheon
24,62,100,B,Incheon
25,62,100,B,Incheon
8,63,100,B,Incheon
9,63,100,B,Incheon
18,63,100,B,Incheon
22,63,100,B,Incheon
23,63,100,B,Incheon
24,63,100,B,Incheon
25,63,100,B,Incheon
8,64,100,B,Incheon
18,64,100,B,Incheon
7,65,100,B,Incheon
8,65,100,B,Incheon
9,65,100,B,Incheon
19,54,100,B,Incheon
19,55,100,B,Incheon
19,56,100,B,Incheon
19,61,100,B,Incheon
19,62,100,B,Incheon
19,63,100,B,Incheon
49,30,100,C,Busan
50,30,100,C,Busan
51,30,100,C,Busan
49,31,100,C,Busan
50,31,100,C,Busan
51,31,100,C,Busan
52,31,100,C,Busan
49,32,52.6,C,Busan
50,32,100,C,Busan
51,32,100,C,Busan
52,32,100,C,Busan
53,32,100,C,Busan
50,33,17.2,C,Busan
51,33,90,C,Busan
52,33,100,C,Busan
53,33,100,C,Busan
52,34,83,C,Busan
53,34,70,C,Busan
52,35,3,C,Busan
53,35,3.5,C,Busan
44,37,13,D,Daegu
45,37,9.4,D,Daegu
44,38,42.6,D,Daegu
45,38,88.5,D,Daegu
46,38,7,D,Daegu
47,38,5,D,Daegu
44,39,33.3,D,Daegu
45,39,98.5,D,Daegu
46,39,94.1,D,Daegu
47,39,51,D,Daegu
44,40,26.6,D,Daegu
45,40,86.6,D,Daegu
46,40,100,D,Daegu
47,40,85,D,Daegu
48,40,5.5,D,Daegu
44,41,10.5,D,Daegu
45,41,33.9,D,Daegu
46,41,98,D,Daegu
47,41,95.7,D,Daegu
48,41,3.9,D,Daegu
45,42,0.4,D,Daegu
46,42,18.7,D,Daegu
47,42,38.4,D,Daegu
28,30,18.6,E,Gwangju
29,30,32.1,E,Gwangju
30,30,11.5,E,Gwangju
27,31,39.4,E,Gwangju
28,31,93,E,Gwangju
29,31,100,E,Gwangju
30,31,97,E,Gwangju
31,31,5.2,E,Gwangju
27,32,12.5,E,Gwangju
28,32,63.8,E,Gwangju
29,32,71.5,E,Gwangju
30,32,46.4,E,Gwangju
33,52,4,F,Gyeonggi
29,53,100,F,Gyeonggi
33,53,88,F,Gyeonggi
34,53,24.5,F,Gyeonggi
28,54,100,F,Gyeonggi
29,54,100,F,Gyeonggi
30,54,100,F,Gyeonggi
31,54,100,F,Gyeonggi
32,54,100,F,Gyeonggi
33,54,100,F,Gyeonggi
34,54,95,F,Gyeonggi
35,54,34,F,Gyeonggi
36,54,6.8,F,Gyeonggi
24,55,100,F,Gyeonggi
25,55,100,F,Gyeonggi
26,55,100,F,Gyeonggi
27,55,100,F,Gyeonggi
28,55,100,F,Gyeonggi
29,55,100,F,Gyeonggi
30,55,100,F,Gyeonggi
31,55,100,F,Gyeonggi
32,55,100,F,Gyeonggi
33,55,100,F,Gyeonggi
34,55,100,F,Gyeonggi
35,55,100,F,Gyeonggi
36,55,73.7,F,Gyeonggi
37,55,8.5,F,Gyeonggi
26,56,100,F,Gyeonggi
27,56,100,F,Gyeonggi
28,56,100,F,Gyeonggi
29,56,100,F,Gyeonggi
30,56,100,F,Gyeonggi
31,56,100,F,Gyeonggi
32,56,100,F,Gyeonggi
33,56,100,F,Gyeonggi
34,56,100,F,Gyeonggi
35,56,100,F,Gyeonggi
36,56,100,F,Gyeonggi
37,56,67,F,Gyeonggi
26,57,100,F,Gyeonggi
27,57,100,F,Gyeonggi
28,57,100,F,Gyeonggi
29,57,100,F,Gyeonggi
30,57,100,F,Gyeonggi
31,57,100,F,Gyeonggi
32,57,100,F,Gyeonggi
33,57,100,F,Gyeonggi
34,57,100,F,Gyeonggi
35,57,100,F,Gyeonggi
36,57,100,F,Gyeonggi
37,57,93.2,F,Gyeonggi
27,58,100,F,Gyeonggi
28,58,94,F,Gyeonggi
29,58,100,F,Gyeonggi
30,58,100,F,Gyeonggi
31,58,100,F,Gyeonggi
32,58,100,F,Gyeonggi
33,58,100,F,Gyeonggi
34,58,100,F,Gyeonggi
35,58,100,F,Gyeonggi
36,58,100,F,Gyeonggi
37,58,95.8,F,Gyeonggi
38,58,4.5,F,Gyeonggi
28,59,61,F,Gyeonggi
29,59,55.8,F,Gyeonggi
30,59,43.5,F,Gyeonggi
31,59,43.9,F,Gyeonggi
32,59,98.3,F,Gyeonggi
33,59,100,F,Gyeonggi
34,59,100,F,Gyeonggi
35,59,100,F,Gyeonggi
36,59,100,F,Gyeonggi
37,59,100,F,Gyeonggi
38,59,23.4,F,Gyeonggi
28,60,35,F,Gyeonggi
29,60,2.5,F,Gyeonggi
31,60,9.2,F,Gyeonggi
32,60,85.2,F,Gyeonggi
33,60,100,F,Gyeonggi
34,60,100,F,Gyeonggi
35,60,100,F,Gyeonggi
36,60,100,F,Gyeonggi
37,60,98.3,F,Gyeonggi
38,60,31.3,F,Gyeonggi
26,61,100,F,Gyeonggi
27,61,57.4,F,Gyeonggi
28,61,93.2,F,Gyeonggi
29,61,72.4,F,Gyeonggi
30,61,10.15,F,Gyeonggi
31,61,38.2,F,Gyeonggi
32,61,100,F,Gyeonggi
33,61,100,F,Gyeonggi
34,61,100,F,Gyeonggi
35,61,92.3,F,Gyeonggi
36,61,75,F,Gyeonggi
37,61,25,F,Gyeonggi
38,61,4,F,Gyeonggi
26,62,100,F,Gyeonggi
27,62,100,F,Gyeonggi
28,62,100,F,Gyeonggi
29,62,100,F,Gyeonggi
30,62,83.3,F,Gyeonggi
31,62,83.7,F,Gyeonggi
32,62,100,F,Gyeonggi
33,62,100,F,Gyeonggi
34,62,100,F,Gyeonggi
35,62,77,F,Gyeonggi
26,63,100,F,Gyeonggi
27,63,100,F,Gyeonggi
28,63,100,F,Gyeonggi
29,63,100,F,Gyeonggi
30,63,100,F,Gyeonggi
31,63,100,F,Gyeonggi
32,63,100,F,Gyeonggi
33,63,100,F,Gyeonggi
34,63,100,F,Gyeonggi
35,63,64.4,F,Gyeonggi
27,64,100,F,Gyeonggi
28,64,100,F,Gyeonggi
29,64,100,F,Gyeonggi
30,64,100,F,Gyeonggi
31,64,100,F,Gyeonggi
32,64,100,F,Gyeonggi
33,64,100,F,Gyeonggi
34,64,100,F,Gyeonggi
35,64,86,F,Gyeonggi
36,64,14,F,Gyeonggi
27,65,100,F,Gyeonggi
28,65,100,F,Gyeonggi
29,65,100,F,Gyeonggi
30,65,100,F,Gyeonggi
31,65,100,F,Gyeonggi
32,65,100,F,Gyeonggi
33,65,100,F,Gyeonggi
34,65,100,F,Gyeonggi
35,65,91,F,Gyeonggi
36,65,22.4,F,Gyeonggi
27,66,100,F,Gyeonggi
28,66,100,F,Gyeonggi
29,66,100,F,Gyeonggi
30,66,100,F,Gyeonggi
31,66,100,F,Gyeonggi
32,66,100,F,Gyeonggi
33,66,100,F,Gyeonggi
34,66,85,F,Gyeonggi
35,66,9,F,Gyeonggi
29,67,100,F,Gyeonggi
30,67,100,F,Gyeonggi
31,67,100,F,Gyeonggi
32,67,92,F,Gyeonggi
33,67,46.2,F,Gyeonggi
34,67,30.5,F,Gyeonggi
30,68,100,F,Gyeonggi
31,68,95,F,Gyeonggi
32,68,13,F,Gyeonggi
33,68,6,F,Gyeonggi
30,69,100,F,Gyeonggi
31,69,32.5,F,Gyeonggi
46,54,0,G,Gangwon
47,54,9.3,G,Gangwon
48,54,0,G,Gangwon
38,55,4.7,G,Gangwon
39,55,0,G,Gangwon
42,55,0,G,Gangwon
43,55,2,G,Gangwon
44,55,28.5,G,Gangwon
45,55,49.4,G,Gangwon
46,55,80,G,Gangwon
47,55,85,G,Gangwon
48,55,83,G,Gangwon
49,55,53.5,G,Gangwon
50,55,51,G,Gangwon
51,55,65.2,G,Gangwon
52,55,27.7,G,Gangwon
37,56,12,G,Gangwon
38,56,98.8,G,Gangwon
39,56,53.7,G,Gangwon
40,56,21.3,G,Gangwon
41,56,20.5,G,Gangwon
42,56,9.7,G,Gangwon
43,56,74,G,Gangwon
44,56,100,G,Gangwon
45,56,100,G,Gangwon
46,56,100,G,Gangwon
47,56,100,G,Gangwon
48,56,100,G,Gangwon
49,56,100,G,Gangwon
50,56,100,G,Gangwon
51,56,100,G,Gangwon
52,56,96.7,G,Gangwon
53,56,50,G,Gangwon
37,57,6.8,G,Gangwon
38,57,100,G,Gangwon
39,57,94.7,G,Gangwon
40,57,89.7,G,Gangwon
41,57,100,G,Gangwon
42,57,93,G,Gangwon
43,57,100,G,Gangwon
44,57,100,G,Gangwon
45,57,100,G,Gangwon
46,57,100,G,Gangwon
47,57,100,G,Gangwon
48,57,100,G,Gangwon
49,57,100,G,Gangwon
50,57,100,G,Gangwon
51,57,100,G,Gangwon
52,57,100,G,Gangwon
53,57,100,G,Gangwon
37,58,4.2,G,Gangwon
38,58,95.5,G,Gangwon
39,58,100,G,Gangwon
40,58,100,G,Gangwon
41,58,100,G,Gangwon
42,58,100,G,Gangwon
43,58,100,G,Gangwon
44,58,100,G,Gangwon
45,58,100,G,Gangwon
46,58,100,G,Gangwon
47,58,100,G,Gangwon
48,58,100,G,Gangwon
49,58,100,G,Gangwon
50,58,100,G,Gangwon
51,58,100,G,Gangwon
52,58,100,G,Gangwon
38,59,76.6,G,Gangwon
39,59,100,G,Gangwon
40,59,100,G,Gangwon
41,59,100,G,Gangwon
42,59,100,G,Gangwon
43,59,100,G,Gangwon
44,59,100,G,Gangwon
45,59,100,G,Gangwon
46,59,100,G,Gangwon
47,59,100,G,Gangwon
48,59,100,G,Gangwon
49,59,100,G,Gangwon
50,59,100,G,Gangwon
51,59,100,G,Gangwon
52,59,100,G,Gangwon
37,60,1.7,G,Gangwon
38,60,68.7,G,Gangwon
39,60,100,G,Gangwon
40,60,100,G,Gangwon
41,60,100,G,Gangwon
42,60,100,G,Gangwon
43,60,100,G,Gangwon
44,60,100,G,Gangwon
45,60,100,G,Gangwon
46,60,100,G,Gangwon
47,60,100,G,Gangwon
48,60,100,G,Gangwon
49,60,100,G,Gangwon
50,60,100,G,Gangwon
51,60,100,G,Gangwon
35,61,7.7,G,Gangwon
36,61,25,G,Gangwon
37,61,75,G,Gangwon
38,61,96,G,Gangwon
39,61,100,G,Gangwon
40,61,100,G,Gangwon
41,61,100,G,Gangwon
42,61,100,G,Gangwon
43,61,100,G,Gangwon
44,61,100,G,Gangwon
45,61,100,G,Gangwon
46,61,100,G,Gangwon
47,61,100,G,Gangwon
48,61,100,G,Gangwon
49,61,100,G,Gangwon
50,61,100,G,Gangwon
35,62,23,G,Gangwon
36,62,100,G,Gangwon
37,62,100,G,Gangwon
38,62,100,G,Gangwon
39,62,100,G,Gangwon
40,62,100,G,Gangwon
41,62,100,G,Gangwon
42,62,100,G,Gangwon
43,62,100,G,Gangwon
44,62,100,G,Gangwon
45,62,100,G,Gangwon
46,62,100,G,Gangwon
47,62,100,G,Gangwon
48,62,100,G,Gangwon
49,62,100,G,Gangwon
50,62,100,G,Gangwon
35,63,35.6,G,Gangwon
36,63,100,G,Gangwon
37,63,100,G,Gangwon
38,63,100,G,Gangwon
39,63,100,G,Gangwon
40,63,100,G,Gangwon
41,63,100,G,Gangwon
42,63,100,G,Gangwon
43,63,100,G,Gangwon
44,63,100,G,Gangwon
45,63,100,G,Gangwon
46,63,100,G,Gangwon
47,63,100,G,Gangwon
48,63,100,G,Gangwon
49,63,100,G,Gangwon
35,64,14,G,Gangwon
36,64,86,G,Gangwon
37,64,100,G,Gangwon
38,64,100,G,Gangwon
39,64,100,G,Gangwon
40,64,100,G,Gangwon
41,64,100,G,Gangwon
42,64,100,G,Gangwon
43,64,100,G,Gangwon
44,64,100,G,Gangwon
45,64,100,G,Gangwon
46,64,100,G,Gangwon
47,64,100,G,Gangwon
48,64,100,G,Gangwon
35,65,9,G,Gangwon
36,65,77.6,G,Gangwon
37,65,100,G,Gangwon
38,65,100,G,Gangwon
39,65,100,G,Gangwon
40,65,100,G,Gangwon
41,65,100,G,Gangwon
42,65,100,G,Gangwon
43,65,100,G,Gangwon
44,65,100,G,Gangwon
45,65,100,G,Gangwon
46,65,100,G,Gangwon
47,65,100,G,Gangwon
48,65,100,G,Gangwon
34,66,15,G,Gangwon
35,66,91,G,Gangwon
36,66,100,G,Gangwon
37,66,100,G,Gangwon
38,66,100,G,Gangwon
39,66,100,G,Gangwon
40,66,100,G,Gangwon
41,66,100,G,Gangwon
42,66,100,G,Gangwon
43,66,100,G,Gangwon
44,66,100,G,Gangwon
45,66,100,G,Gangwon
46,66,100,G,Gangwon
47,66,100,G,Gangwon
32,67,8,G,Gangwon
33,67,53.8,G,Gangwon
34,67,69.5,G,Gangwon
35,67,100,G,Gangwon
36,67,100,G,Gangwon
37,67,100,G,Gangwon
38,67,100,G,Gangwon
39,67,100,G,Gangwon
40,67,100,G,Gangwon
41,67,100,G,Gangwon
42,67,100,G,Gangwon
43,67,100,G,Gangwon
44,67,100,G,Gangwon
45,67,100,G,Gangwon
46,67,100,G,Gangwon
31,68,5,G,Gangwon
32,68,87,G,Gangwon
33,68,94,G,Gangwon
34,68,100,G,Gangwon
35,68,100,G,Gangwon
36,68,100,G,Gangwon
37,68,100,G,Gangwon
38,68,100,G,Gangwon
39,68,100,G,Gangwon
40,68,100,G,Gangwon
41,68,100,G,Gangwon
42,68,100,G,Gangwon
43,68,100,G,Gangwon
44,68,100,G,Gangwon
45,68,100,G,Gangwon
31,69,67.5,G,Gangwon
32,69,100,G,Gangwon
33,69,100,G,Gangwon
34,69,100,G,Gangwon
35,69,100,G,Gangwon
36,69,100,G,Gangwon
37,69,100,G,Gangwon
38,69,100,G,Gangwon
39,69,100,G,Gangwon
40,69,100,G,Gangwon
41,69,100,G,Gangwon
42,69,100,G,Gangwon
43,69,100,G,Gangwon
44,69,100,G,Gangwon
45,69,100,G,Gangwon
33,70,100,G,Gangwon
34,70,100,G,Gangwon
35,70,100,G,Gangwon
36,70,100,G,Gangwon
37,70,100,G,Gangwon
38,70,100,G,Gangwon
39,70,100,G,Gangwon
40,70,100,G,Gangwon
41,70,100,G,Gangwon
42,70,100,G,Gangwon
43,70,100,G,Gangwon
44,70,100,G,Gangwon
45,70,100,G,Gangwon
42,71,100,G,Gangwon
43,71,100,G,Gangwon
44,71,100,G,Gangwon
42,72,100,G,Gangwon
43,72,100,G,Gangwon
44,72,100,G,Gangwon
42,73,100,G,Gangwon
43,73,100,G,Gangwon
37,42,35.6,H,Chung-Buk
38,42,63.4,H,Chung-Buk
39,42,43,H,Chung-Buk
40,42,3.5,H,Chung-Buk
36,43,25,H,Chung-Buk
37,43,100,H,Chung-Buk
38,43,100,H,Chung-Buk
39,43,100,H,Chung-Buk
40,43,33.9,H,Chung-Buk
35,44,2.7,H,Chung-Buk
36,44,46.5,H,Chung-Buk
37,44,100,H,Chung-Buk
38,44,100,H,Chung-Buk
39,44,100,H,Chung-Buk
40,44,64.1,H,Chung-Buk
41,44,1.4,H,Chung-Buk
35,45,39,H,Chung-Buk
36,45,100,H,Chung-Buk
37,45,100,H,Chung-Buk
38,45,100,H,Chung-Buk
39,45,50.7,H,Chung-Buk
40,45,27.2,H,Chung-Buk
41,45,0,H,Chung-Buk
35,46,13,H,Chung-Buk
36,46,97,H,Chung-Buk
37,46,100,H,Chung-Buk
38,46,100,H,Chung-Buk
39,46,30.5,H,Chung-Buk
34,47,16,H,Chung-Buk
35,47,63.5,H,Chung-Buk
36,47,99.4,H,Chung-Buk
37,47,100,H,Chung-Buk
38,47,100,H,Chung-Buk
39,47,31,H,Chung-Buk
33,48,0,H,Chung-Buk
34,48,51,H,Chung-Buk
35,48,100,H,Chung-Buk
36,48,100,H,Chung-Buk
37,48,100,H,Chung-Buk
38,48,99.5,H,Chung-Buk
39,48,33.8,H,Chung-Buk
33,49,44.3,H,Chung-Buk
34,49,100,H,Chung-Buk
35,49,100,H,Chung-Buk
36,49,100,H,Chung-Buk
37,49,100,H,Chung-Buk
38,49,80,H,Chung-Buk
39,49,24.8,H,Chung-Buk
33,50,29,H,Chung-Buk
34,50,100,H,Chung-Buk
35,50,100,H,Chung-Buk
36,50,100,H,Chung-Buk
37,50,100,H,Chung-Buk
38,50,100,H,Chung-Buk
39,50,74.2,H,Chung-Buk
40,50,17.6,H,Chung-Buk
41,50,1.7,H,Chung-Buk
33,51,0,H,Chung-Buk
34,51,53,H,Chung-Buk
35,51,100,H,Chung-Buk
36,51,100,H,Chung-Buk
37,51,100,H,Chung-Buk
38,51,100,H,Chung-Buk
39,51,100,H,Chung-Buk
40,51,84.3,H,Chung-Buk
41,51,5,H,Chung-Buk
42,51,0,H,Chung-Buk
43,51,1.8,H,Chung-Buk
44,51,0,H,Chung-Buk
33,52,26.6,H,Chung-Buk
34,52,100,H,Chung-Buk
35,52,100,H,Chung-Buk
36,52,100,H,Chung-Buk
37,52,100,H,Chung-Buk
38,52,100,H,Chung-Buk
39,52,100,H,Chung-Buk
40,52,100,H,Chung-Buk
41,52,93.5,H,Chung-Buk
42,52,69,H,Chung-Buk
43,52,83.7,H,Chung-Buk
44,52,58.3,H,Chung-Buk
33,53,10.8,H,Chung-Buk
34,53,75.5,H,Chung-Buk
35,53,100,H,Chung-Buk
36,53,100,H,Chung-Buk
37,53,100,H,Chung-Buk
38,53,100,H,Chung-Buk
39,53,100,H,Chung-Buk
40,53,100,H,Chung-Buk
41,53,100,H,Chung-Buk
42,53,100,H,Chung-Buk
43,53,100,H,Chung-Buk
44,53,76.8,H,Chung-Buk
45,53,2.5,H,Chung-Buk
34,54,5,H,Chung-Buk
35,54,66,H,Chung-Buk
36,54,93.2,H,Chung-Buk
37,54,100,H,Chung-Buk
38,54,100,H,Chung-Buk
39,54,100,H,Chung-Buk
40,54,100,H,Chung-Buk
41,54,100,H,Chung-Buk
42,54,100,H,Chung-Buk
43,54,100,H,Chung-Buk
44,54,100,H,Chung-Buk
45,54,70.7,H,Chung-Buk
46,54,5,H,Chung-Buk
36,55,26.3,H,Chung-Buk
37,55,91.5,H,Chung-Buk
38,55,95.3,H,Chung-Buk
39,55,100,H,Chung-Buk
40,55,100,H,Chung-Buk
41,55,100,H,Chung-Buk
42,55,100,H,Chung-Buk
43,55,98,H,Chung-Buk
44,55,71.5,H,Chung-Buk
45,55,50.6,H,Chung-Buk
46,55,16,H,Chung-Buk
37,56,21,H,Chung-Buk
38,56,1.2,H,Chung-Buk
39,56,46.3,H,Chung-Buk
40,56,78.7,H,Chung-Buk
41,56,79.5,H,Chung-Buk
42,56,90.3,H,Chung-Buk
43,56,26,H,Chung-Buk
44,56,0,H,Chung-Buk
39,57,5.3,H,Chung-Buk
40,57,10.3,H,Chung-Buk
41,57,0,H,Chung-Buk
42,57,7,H,Chung-Buk
35,41,13.7,I,Chung-Nam
36,41,0,I,Chung-Nam
27,42,100,I,Chung-Nam
28,42,80,I,Chung-Nam
29,42,24.25,I,Chung-Nam
31,42,6.7,I,Chung-Nam
32,42,3.65,I,Chung-Nam
33,42,0,I,Chung-Nam
34,42,45.4,I,Chung-Nam
35,42,100,I,Chung-Nam
36,42,65.5,I,Chung-Nam
37,42,1,I,Chung-Nam
25,43,100,I,Chung-Nam
26,43,100,I,Chung-Nam
27,43,100,I,Chung-Nam
28,43,100,I,Chung-Nam
29,43,76.1,I,Chung-Nam
30,43,26.9,I,Chung-Nam
31,43,75.5,I,Chung-Nam
32,43,100,I,Chung-Nam
33,43,69.5,I,Chung-Nam
34,43,86.5,I,Chung-Nam
35,43,100,I,Chung-Nam
36,43,75,I,Chung-Nam
37,43,0,I,Chung-Nam
20,44,100,I,Chung-Nam
21,44,100,I,Chung-Nam
22,44,100,I,Chung-Nam
23,44,100,I,Chung-Nam
26,44,100,I,Chung-Nam
27,44,100,I,Chung-Nam
28,44,100,I,Chung-Nam
29,44,100,I,Chung-Nam
30,44,100,I,Chung-Nam
31,44,100,I,Chung-Nam
32,44,100,I,Chung-Nam
33,44,85,I,Chung-Nam
34,44,65.8,I,Chung-Nam
35,44,72.3,I,Chung-Nam
36,44,53.5,I,Chung-Nam
20,45,100,I,Chung-Nam
22,45,100,I,Chung-Nam
23,45,100,I,Chung-Nam
24,45,100,I,Chung-Nam
25,45,100,I,Chung-Nam
26,45,100,I,Chung-Nam
27,45,100,I,Chung-Nam
28,45,100,I,Chung-Nam
29,45,100,I,Chung-Nam
30,45,100,I,Chung-Nam
31,45,100,I,Chung-Nam
32,45,100,I,Chung-Nam
33,45,35.9,I,Chung-Nam
34,45,6.7,I,Chung-Nam
35,45,0,I,Chung-Nam
36,45,0,I,Chung-Nam
23,46,100,I,Chung-Nam
24,46,100,I,Chung-Nam
25,46,100,I,Chung-Nam
26,46,100,I,Chung-Nam
27,46,100,I,Chung-Nam
28,46,100,I,Chung-Nam
29,46,100,I,Chung-Nam
30,46,100,I,Chung-Nam
31,46,100,I,Chung-Nam
32,46,100,I,Chung-Nam
33,46,46,I,Chung-Nam
23,47,100,I,Chung-Nam
24,47,100,I,Chung-Nam
25,47,100,I,Chung-Nam
26,47,100,I,Chung-Nam
27,47,100,I,Chung-Nam
28,47,100,I,Chung-Nam
29,47,100,I,Chung-Nam
30,47,100,I,Chung-Nam
31,47,100,I,Chung-Nam
32,47,72.4,I,Chung-Nam
33,47,0.5,I,Chung-Nam
22,48,100,I,Chung-Nam
23,48,100,I,Chung-Nam
24,48,100,I,Chung-Nam
25,48,100,I,Chung-Nam
26,48,100,I,Chung-Nam
27,48,100,I,Chung-Nam
28,48,100,I,Chung-Nam
29,48,100,I,Chung-Nam
30,48,100,I,Chung-Nam
31,48,100,I,Chung-Nam
32,48,54.75,I,Chung-Nam
16,49,100,I,Chung-Nam
18,49,100,I,Chung-Nam
19,49,100,I,Chung-Nam
21,49,100,I,Chung-Nam
22,49,100,I,Chung-Nam
23,49,100,I,Chung-Nam
24,49,100,I,Chung-Nam
25,49,100,I,Chung-Nam
26,49,100,I,Chung-Nam
27,49,100,I,Chung-Nam
28,49,100,I,Chung-Nam
29,49,100,I,Chung-Nam
30,49,100,I,Chung-Nam
31,49,100,I,Chung-Nam
32,49,30.8,I,Chung-Nam
20,50,100,I,Chung-Nam
21,50,100,I,Chung-Nam
22,50,100,I,Chung-Nam
23,50,100,I,Chung-Nam
24,50,100,I,Chung-Nam
25,50,100,I,Chung-Nam
26,50,100,I,Chung-Nam
27,50,100,I,Chung-Nam
28,50,100,I,Chung-Nam
29,50,100,I,Chung-Nam
30,50,100,I,Chung-Nam
31,50,100,I,Chung-Nam
32,50,40.7,I,Chung-Nam
33,50,50.5,I,Chung-Nam
34,50,0,I,Chung-Nam
22,51,100,I,Chung-Nam
23,51,100,I,Chung-Nam
24,51,100,I,Chung-Nam
25,51,100,I,Chung-Nam
26,51,100,I,Chung-Nam
27,51,100,I,Chung-Nam
28,51,100,I,Chung-Nam
29,51,100,I,Chung-Nam
30,51,100,I,Chung-Nam
31,51,100,I,Chung-Nam
32,51,100,I,Chung-Nam
33,51,100,I,Chung-Nam
34,51,47,I,Chung-Nam
22,52,100,I,Chung-Nam
23,52,100,I,Chung-Nam
24,52,100,I,Chung-Nam
25,52,100,I,Chung-Nam
26,52,100,I,Chung-Nam
27,52,100,I,Chung-Nam
28,52,100,I,Chung-Nam
29,52,100,I,Chung-Nam
30,52,100,I,Chung-Nam
31,52,100,I,Chung-Nam
32,52,100,I,Chung-Nam
33,52,69.4,I,Chung-Nam
34,52,0,I,Chung-Nam
22,53,100,I,Chung-Nam
23,53,100,I,Chung-Nam
24,53,100,I,Chung-Nam
25,53,100,I,Chung-Nam
26,53,100,I,Chung-Nam
27,53,100,I,Chung-Nam
28,53,100,I,Chung-Nam
30,53,100,I,Chung-Nam
31,53,100,I,Chung-Nam
32,53,100,I,Chung-Nam
33,53,1.2,I,Chung-Nam
24,54,100,I,Chung-Nam
25,54,100,I,Chung-Nam
26,54,100,I,Chung-Nam
42,37,4.4,J,Gyeong-Buk
43,37,3.5,J,Gyeong-Buk
44,37,17,J,Gyeong-Buk
46,37,57.2,J,Gyeong-Buk
47,37,64.7,J,Gyeong-Buk
48,37,73.3,J,Gyeong-Buk
49,37,17,J,Gyeong-Buk
50,37,13,J,Gyeong-Buk
42,38,40.7,J,Gyeong-Buk
43,38,100,J,Gyeong-Buk
44,38,57.4,J,Gyeong-Buk
45,38,3.2,J,Gyeong-Buk
46,38,92,J,Gyeong-Buk
47,38,95,J,Gyeong-Buk
48,38,100,J,Gyeong-Buk
49,38,100,J,Gyeong-Buk
50,38,99,J,Gyeong-Buk
51,38,30,J,Gyeong-Buk
52,38,0,J,Gyeong-Buk
53,38,52,J,Gyeong-Buk
54,38,45,J,Gyeong-Buk
55,38,100,J,Gyeong-Buk
41,39,3,J,Gyeong-Buk
42,39,76.2,J,Gyeong-Buk
43,39,100,J,Gyeong-Buk
44,39,66.7,J,Gyeong-Buk
45,39,1.5,J,Gyeong-Buk
46,39,5.9,J,Gyeong-Buk
47,39,49,J,Gyeong-Buk
48,39,100,J,Gyeong-Buk
49,39,100,J,Gyeong-Buk
50,39,100,J,Gyeong-Buk
51,39,98.6,J,Gyeong-Buk
52,39,92,J,Gyeong-Buk
53,39,100,J,Gyeong-Buk
54,39,100,J,Gyeong-Buk
55,39,100,J,Gyeong-Buk
39,40,11.5,J,Gyeong-Buk
40,40,72,J,Gyeong-Buk
41,40,89.2,J,Gyeong-Buk
42,40,100,J,Gyeong-Buk
43,40,100,J,Gyeong-Buk
44,40,73.4,J,Gyeong-Buk
45,40,13.4,J,Gyeong-Buk
47,40,15,J,Gyeong-Buk
48,40,94.5,J,Gyeong-Buk
49,40,100,J,Gyeong-Buk
50,40,100,J,Gyeong-Buk
51,40,100,J,Gyeong-Buk
52,40,100,J,Gyeong-Buk
53,40,100,J,Gyeong-Buk
54,40,100,J,Gyeong-Buk
55,40,100,J,Gyeong-Buk
39,41,37.5,J,Gyeong-Buk
40,41,100,J,Gyeong-Buk
41,41,100,J,Gyeong-Buk
42,41,100,J,Gyeong-Buk
43,41,100,J,Gyeong-Buk
44,41,89.5,J,Gyeong-Buk
45,41,66.1,J,Gyeong-Buk
46,41,2,J,Gyeong-Buk
47,41,4.3,J,Gyeong-Buk
48,41,96.1,J,Gyeong-Buk
49,41,100,J,Gyeong-Buk
50,41,100,J,Gyeong-Buk
51,41,100,J,Gyeong-Buk
52,41,100,J,Gyeong-Buk
53,41,100,J,Gyeong-Buk
54,41,100,J,Gyeong-Buk
55,41,100,J,Gyeong-Buk
39,42,36.2,J,Gyeong-Buk
40,42,96.5,J,Gyeong-Buk
41,42,100,J,Gyeong-Buk
42,42,100,J,Gyeong-Buk
43,42,100,J,Gyeong-Buk
44,42,100,J,Gyeong-Buk
45,42,99.6,J,Gyeong-Buk
46,42,81.3,J,Gyeong-Buk
47,42,61.6,J,Gyeong-Buk
48,42,100,J,Gyeong-Buk
49,42,100,J,Gyeong-Buk
50,42,100,J,Gyeong-Buk
51,42,100,J,Gyeong-Buk
52,42,100,J,Gyeong-Buk
53,42,100,J,Gyeong-Buk
54,42,100,J,Gyeong-Buk
55,42,100,J,Gyeong-Buk
56,42,100,J,Gyeong-Buk
40,43,66.1,J,Gyeong-Buk
41,43,100,J,Gyeong-Buk
42,43,100,J,Gyeong-Buk
43,43,100,J,Gyeong-Buk
44,43,100,J,Gyeong-Buk
45,43,100,J,Gyeong-Buk
46,43,100,J,Gyeong-Buk
47,43,100,J,Gyeong-Buk
48,43,100,J,Gyeong-Buk
49,43,100,J,Gyeong-Buk
50,43,100,J,Gyeong-Buk
51,43,100,J,Gyeong-Buk
52,43,100,J,Gyeong-Buk
53,43,100,J,Gyeong-Buk
54,43,100,J,Gyeong-Buk
55,43,100,J,Gyeong-Buk
56,43,100,J,Gyeong-Buk
40,44,35.9,J,Gyeong-Buk
41,44,98.6,J,Gyeong-Buk
42,44,100,J,Gyeong-Buk
43,44,100,J,Gyeong-Buk
44,44,100,J,Gyeong-Buk
45,44,100,J,Gyeong-Buk
46,44,100,J,Gyeong-Buk
47,44,100,J,Gyeong-Buk
48,44,100,J,Gyeong-Buk
49,44,100,J,Gyeong-Buk
50,44,100,J,Gyeong-Buk
51,44,100,J,Gyeong-Buk
52,44,100,J,Gyeong-Buk
53,44,100,J,Gyeong-Buk
54,44,100,J,Gyeong-Buk
38,45,0,J,Gyeong-Buk
39,45,49.3,J,Gyeong-Buk
40,45,72.8,J,Gyeong-Buk
41,45,100,J,Gyeong-Buk
42,45,100,J,Gyeong-Buk
43,45,100,J,Gyeong-Buk
44,45,100,J,Gyeong-Buk
45,45,100,J,Gyeong-Buk
46,45,100,J,Gyeong-Buk
47,45,100,J,Gyeong-Buk
48,45,100,J,Gyeong-Buk
49,45,100,J,Gyeong-Buk
50,45,100,J,Gyeong-Buk
51,45,100,J,Gyeong-Buk
52,45,100,J,Gyeong-Buk
53,45,100,J,Gyeong-Buk
54,45,100,J,Gyeong-Buk
39,46,69.5,J,Gyeong-Buk
40,46,100,J,Gyeong-Buk
41,46,100,J,Gyeong-Buk
42,46,100,J,Gyeong-Buk
43,46,100,J,Gyeong-Buk
44,46,100,J,Gyeong-Buk
45,46,100,J,Gyeong-Buk
46,46,100,J,Gyeong-Buk
47,46,100,J,Gyeong-Buk
48,46,100,J,Gyeong-Buk
49,46,100,J,Gyeong-Buk
50,46,100,J,Gyeong-Buk
51,46,100,J,Gyeong-Buk
52,46,100,J,Gyeong-Buk
53,46,100,J,Gyeong-Buk
54,46,100,J,Gyeong-Buk
39,47,69,J,Gyeong-Buk
40,47,100,J,Gyeong-Buk
41,47,100,J,Gyeong-Buk
42,47,100,J,Gyeong-Buk
43,47,100,J,Gyeong-Buk
44,47,100,J,Gyeong-Buk
45,47,100,J,Gyeong-Buk
46,47,100,J,Gyeong-Buk
47,47,100,J,Gyeong-Buk
48,47,100,J,Gyeong-Buk
49,47,100,J,Gyeong-Buk
50,47,100,J,Gyeong-Buk
51,47,100,J,Gyeong-Buk
52,47,100,J,Gyeong-Buk
53,47,100,J,Gyeong-Buk
54,47,100,J,Gyeong-Buk
38,48,0.5,J,Gyeong-Buk
39,48,66.2,J,Gyeong-Buk
40,48,100,J,Gyeong-Buk
41,48,100,J,Gyeong-Buk
42,48,100,J,Gyeong-Buk
43,48,100,J,Gyeong-Buk
44,48,100,J,Gyeong-Buk
45,48,100,J,Gyeong-Buk
46,48,100,J,Gyeong-Buk
47,48,100,J,Gyeong-Buk
48,48,100,J,Gyeong-Buk
49,48,100,J,Gyeong-Buk
50,48,100,J,Gyeong-Buk
51,48,100,J,Gyeong-Buk
52,48,100,J,Gyeong-Buk
53,48,100,J,Gyeong-Buk
54,48,100,J,Gyeong-Buk
38,49,20,J,Gyeong-Buk
39,49,75.2,J,Gyeong-Buk
40,49,100,J,Gyeong-Buk
41,49,100,J,Gyeong-Buk
42,49,100,J,Gyeong-Buk
43,49,100,J,Gyeong-Buk
44,49,100,J,Gyeong-Buk
45,49,100,J,Gyeong-Buk
46,49,100,J,Gyeong-Buk
47,49,100,J,Gyeong-Buk
48,49,100,J,Gyeong-Buk
49,49,100,J,Gyeong-Buk
50,49,100,J,Gyeong-Buk
51,49,100,J,Gyeong-Buk
52,49,100,J,Gyeong-Buk
53,49,100,J,Gyeong-Buk
54,49,100,J,Gyeong-Buk
39,50,25.8,J,Gyeong-Buk
40,50,82.4,J,Gyeong-Buk
41,50,98.3,J,Gyeong-Buk
42,50,100,J,Gyeong-Buk
43,50,100,J,Gyeong-Buk
44,50,100,J,Gyeong-Buk
45,50,100,J,Gyeong-Buk
46,50,100,J,Gyeong-Buk
47,50,100,J,Gyeong-Buk
48,50,100,J,Gyeong-Buk
49,50,100,J,Gyeong-Buk
50,50,100,J,Gyeong-Buk
51,50,100,J,Gyeong-Buk
52,50,100,J,Gyeong-Buk
53,50,100,J,Gyeong-Buk
54,50,100,J,Gyeong-Buk
40,51,15.7,J,Gyeong-Buk
41,51,95,J,Gyeong-Buk
42,51,100,J,Gyeong-Buk
43,51,98.2,J,Gyeong-Buk
44,51,100,J,Gyeong-Buk
45,51,100,J,Gyeong-Buk
46,51,100,J,Gyeong-Buk
47,51,100,J,Gyeong-Buk
48,51,100,J,Gyeong-Buk
49,51,100,J,Gyeong-Buk
50,51,100,J,Gyeong-Buk
51,51,100,J,Gyeong-Buk
52,51,100,J,Gyeong-Buk
53,51,100,J,Gyeong-Buk
54,51,100,J,Gyeong-Buk
41,52,6.5,J,Gyeong-Buk
42,52,31,J,Gyeong-Buk
43,52,16.3,J,Gyeong-Buk
44,52,41.7,J,Gyeong-Buk
45,52,100,J,Gyeong-Buk
46,52,100,J,Gyeong-Buk
47,52,100,J,Gyeong-Buk
48,52,100,J,Gyeong-Buk
49,52,100,J,Gyeong-Buk
50,52,100,J,Gyeong-Buk
51,52,100,J,Gyeong-Buk
52,52,100,J,Gyeong-Buk
53,52,100,J,Gyeong-Buk
54,52,100,J,Gyeong-Buk
44,53,23.2,J,Gyeong-Buk
45,53,97.5,J,Gyeong-Buk
46,53,100,J,Gyeong-Buk
47,53,100,J,Gyeong-Buk
48,53,100,J,Gyeong-Buk
49,53,100,J,Gyeong-Buk
50,53,100,J,Gyeong-Buk
51,53,100,J,Gyeong-Buk
52,53,100,J,Gyeong-Buk
53,53,100,J,Gyeong-Buk
54,53,100,J,Gyeong-Buk
45,54,29.3,J,Gyeong-Buk
46,54,95,J,Gyeong-Buk
47,54,90.7,J,Gyeong-Buk
48,54,100,J,Gyeong-Buk
49,54,100,J,Gyeong-Buk
50,54,100,J,Gyeong-Buk
51,54,100,J,Gyeong-Buk
52,54,100,J,Gyeong-Buk
53,54,100,J,Gyeong-Buk
54,54,100,J,Gyeong-Buk
46,55,4,J,Gyeong-Buk
47,55,15,J,Gyeong-Buk
48,55,17,J,Gyeong-Buk
49,55,46.5,J,Gyeong-Buk
50,55,49,J,Gyeong-Buk
51,55,34.8,J,Gyeong-Buk
52,55,72.3,J,Gyeong-Buk
53,55,100,J,Gyeong-Buk
54,55,100,J,Gyeong-Buk
52,56,3.3,J,Gyeong-Buk
53,56,50,J,Gyeong-Buk
67,60,100,J,Gyeong-Buk
66,61,100,J,Gyeong-Buk
67,61,100,J,Gyeong-Buk
42,24,100,K,Gyeong-Nam
44,24,100,K,Gyeong-Nam
45,24,100,K,Gyeong-Nam
48,24,100,K,Gyeong-Nam
43,25,100,K,Gyeong-Nam
44,25,100,K,Gyeong-Nam
45,25,100,K,Gyeong-Nam
46,25,100,K,Gyeong-Nam
39,26,100,K,Gyeong-Nam
40,26,100,K,Gyeong-Nam
41,26,100,K,Gyeong-Nam
42,26,100,K,Gyeong-Nam
43,26,100,K,Gyeong-Nam
44,26,100,K,Gyeong-Nam
45,26,100,K,Gyeong-Nam
46,26,100,K,Gyeong-Nam
47,26,100,K,Gyeong-Nam
39,27,100,K,Gyeong-Nam
40,27,100,K,Gyeong-Nam
41,27,100,K,Gyeong-Nam
42,27,100,K,Gyeong-Nam
43,27,100,K,Gyeong-Nam
44,27,100,K,Gyeong-Nam
45,27,100,K,Gyeong-Nam
46,27,100,K,Gyeong-Nam
47,27,100,K,Gyeong-Nam
48,27,100,K,Gyeong-Nam
39,28,100,K,Gyeong-Nam
40,28,100,K,Gyeong-Nam
41,28,100,K,Gyeong-Nam
42,28,100,K,Gyeong-Nam
43,28,100,K,Gyeong-Nam
44,28,100,K,Gyeong-Nam
45,28,100,K,Gyeong-Nam
46,28,100,K,Gyeong-Nam
47,28,100,K,Gyeong-Nam
48,28,100,K,Gyeong-Nam
38,29,28,K,Gyeong-Nam
39,29,100,K,Gyeong-Nam
40,29,100,K,Gyeong-Nam
41,29,100,K,Gyeong-Nam
42,29,100,K,Gyeong-Nam
43,29,100,K,Gyeong-Nam
44,29,100,K,Gyeong-Nam
45,29,100,K,Gyeong-Nam
46,29,100,K,Gyeong-Nam
47,29,100,K,Gyeong-Nam
48,29,100,K,Gyeong-Nam
38,30,43,K,Gyeong-Nam
39,30,100,K,Gyeong-Nam
40,30,100,K,Gyeong-Nam
41,30,100,K,Gyeong-Nam
42,30,100,K,Gyeong-Nam
43,30,100,K,Gyeong-Nam
44,30,100,K,Gyeong-Nam
45,30,100,K,Gyeong-Nam
46,30,100,K,Gyeong-Nam
47,30,100,K,Gyeong-Nam
48,30,100,K,Gyeong-Nam
37,31,22.8,K,Gyeong-Nam
38,31,100,K,Gyeong-Nam
39,31,100,K,Gyeong-Nam
40,31,100,K,Gyeong-Nam
41,31,100,K,Gyeong-Nam
42,31,100,K,Gyeong-Nam
43,31,100,K,Gyeong-Nam
44,31,100,K,Gyeong-Nam
45,31,100,K,Gyeong-Nam
46,31,100,K,Gyeong-Nam
47,31,100,K,Gyeong-Nam
48,31,100,K,Gyeong-Nam
49,31,0,K,Gyeong-Nam
37,32,88.4,K,Gyeong-Nam
38,32,100,K,Gyeong-Nam
39,32,100,K,Gyeong-Nam
40,32,100,K,Gyeong-Nam
41,32,100,K,Gyeong-Nam
42,32,100,K,Gyeong-Nam
43,32,100,K,Gyeong-Nam
44,32,100,K,Gyeong-Nam
45,32,100,K,Gyeong-Nam
46,32,100,K,Gyeong-Nam
47,32,100,K,Gyeong-Nam
48,32,100,K,Gyeong-Nam
49,32,47.4,K,Gyeong-Nam
50,32,0,K,Gyeong-Nam
36,33,16.5,K,Gyeong-Nam
37,33,100,K,Gyeong-Nam
38,33,100,K,Gyeong-Nam
39,33,100,K,Gyeong-Nam
40,33,100,K,Gyeong-Nam
41,33,100,K,Gyeong-Nam
42,33,100,K,Gyeong-Nam
43,33,100,K,Gyeong-Nam
44,33,100,K,Gyeong-Nam
45,33,100,K,Gyeong-Nam
46,33,100,K,Gyeong-Nam
47,33,100,K,Gyeong-Nam
48,33,100,K,Gyeong-Nam
49,33,100,K,Gyeong-Nam
50,33,82.8,K,Gyeong-Nam
51,33,10,K,Gyeong-Nam
36,34,0.3,K,Gyeong-Nam
37,34,87,K,Gyeong-Nam
38,34,100,K,Gyeong-Nam
39,34,100,K,Gyeong-Nam
40,34,100,K,Gyeong-Nam
41,34,100,K,Gyeong-Nam
42,34,100,K,Gyeong-Nam
43,34,100,K,Gyeong-Nam
44,34,100,K,Gyeong-Nam
45,34,100,K,Gyeong-Nam
46,34,100,K,Gyeong-Nam
47,34,100,K,Gyeong-Nam
48,34,100,K,Gyeong-Nam
49,34,100,K,Gyeong-Nam
50,34,100,K,Gyeong-Nam
51,34,100,K,Gyeong-Nam
52,34,17,K,Gyeong-Nam
37,35,64.2,K,Gyeong-Nam
38,35,100,K,Gyeong-Nam
39,35,100,K,Gyeong-Nam
40,35,100,K,Gyeong-Nam
41,35,100,K,Gyeong-Nam
42,35,100,K,Gyeong-Nam
43,35,100,K,Gyeong-Nam
44,35,100,K,Gyeong-Nam
45,35,100,K,Gyeong-Nam
46,35,100,K,Gyeong-Nam
47,35,100,K,Gyeong-Nam
48,35,100,K,Gyeong-Nam
49,35,100,K,Gyeong-Nam
50,35,100,K,Gyeong-Nam
51,35,100,K,Gyeong-Nam
52,35,54,K,Gyeong-Nam
36,36,12.4,K,Gyeong-Nam
37,36,93.2,K,Gyeong-Nam
38,36,100,K,Gyeong-Nam
39,36,100,K,Gyeong-Nam
40,36,100,K,Gyeong-Nam
41,36,100,K,Gyeong-Nam
42,36,100,K,Gyeong-Nam
43,36,100,K,Gyeong-Nam
44,36,100,K,Gyeong-Nam
45,36,100,K,Gyeong-Nam
46,36,100,K,Gyeong-Nam
47,36,100,K,Gyeong-Nam
48,36,100,K,Gyeong-Nam
49,36,100,K,Gyeong-Nam
50,36,88,K,Gyeong-Nam
51,36,43,K,Gyeong-Nam
36,37,3,K,Gyeong-Nam
37,37,96.5,K,Gyeong-Nam
38,37,100,K,Gyeong-Nam
39,37,100,K,Gyeong-Nam
40,37,100,K,Gyeong-Nam
41,37,100,K,Gyeong-Nam
42,37,95.6,K,Gyeong-Nam
43,37,96.5,K,Gyeong-Nam
44,37,70,K,Gyeong-Nam
45,37,90.6,K,Gyeong-Nam
46,37,42.8,K,Gyeong-Nam
47,37,35.3,K,Gyeong-Nam
48,37,26.7,K,Gyeong-Nam
49,37,83,K,Gyeong-Nam
50,37,55,K,Gyeong-Nam
37,38,71,K,Gyeong-Nam
38,38,100,K,Gyeong-Nam
39,38,100,K,Gyeong-Nam
40,38,100,K,Gyeong-Nam
41,38,100,K,Gyeong-Nam
42,38,59.3,K,Gyeong-Nam
43,38,0,K,Gyeong-Nam
45,38,8.3,K,Gyeong-Nam
46,38,1,K,Gyeong-Nam
49,38,0,K,Gyeong-Nam
37,39,27.8,K,Gyeong-Nam
38,39,100,K,Gyeong-Nam
39,39,100,K,Gyeong-Nam
40,39,100,K,Gyeong-Nam
41,39,97,K,Gyeong-Nam
42,39,23.8,K,Gyeong-Nam
38,40,22.7,K,Gyeong-Nam
39,40,76.5,K,Gyeong-Nam
40,40,28,K,Gyeong-Nam
41,40,10.8,K,Gyeong-Nam
39,41,0.5,K,Gyeong-Nam
26,33,32,L,Jeon-Buk
27,33,13.3,L,Jeon-Buk
31,33,22.3,L,Jeon-Buk
32,33,28.4,L,Jeon-Buk
33,33,25.8,L,Jeon-Buk
34,33,29.3,L,Jeon-Buk
35,33,0,L,Jeon-Buk
36,33,14.5,L,Jeon-Buk
37,33,0,L,Jeon-Buk
25,34,0,L,Jeon-Buk
26,34,100,L,Jeon-Buk
27,34,100,L,Jeon-Buk
28,34,23,L,Jeon-Buk
29,34,0,L,Jeon-Buk
30,34,19.5,L,Jeon-Buk
31,34,55.5,L,Jeon-Buk
32,34,100,L,Jeon-Buk
33,34,100,L,Jeon-Buk
34,34,100,L,Jeon-Buk
35,34,73.6,L,Jeon-Buk
36,34,97.4,L,Jeon-Buk
37,34,13,L,Jeon-Buk
25,35,100,L,Jeon-Buk
26,35,100,L,Jeon-Buk
27,35,100,L,Jeon-Buk
28,35,72.8,L,Jeon-Buk
29,35,55.8,L,Jeon-Buk
30,35,92.3,L,Jeon-Buk
31,35,86.6,L,Jeon-Buk
32,35,100,L,Jeon-Buk
33,35,100,L,Jeon-Buk
34,35,100,L,Jeon-Buk
35,35,100,L,Jeon-Buk
36,35,100,L,Jeon-Buk
37,35,35.8,L,Jeon-Buk
23,36,100,L,Jeon-Buk
24,36,100,L,Jeon-Buk
25,36,100,L,Jeon-Buk
26,36,100,L,Jeon-Buk
27,36,100,L,Jeon-Buk
28,36,100,L,Jeon-Buk
29,36,100,L,Jeon-Buk
30,36,100,L,Jeon-Buk
31,36,100,L,Jeon-Buk
32,36,100,L,Jeon-Buk
33,36,100,L,Jeon-Buk
34,36,100,L,Jeon-Buk
35,36,100,L,Jeon-Buk
36,36,87.6,L,Jeon-Buk
37,36,6.8,L,Jeon-Buk
21,37,100,L,Jeon-Buk
22,37,100,L,Jeon-Buk
23,37,100,L,Jeon-Buk
24,37,100,L,Jeon-Buk
25,37,100,L,Jeon-Buk
26,37,100,L,Jeon-Buk
27,37,100,L,Jeon-Buk
28,37,100,L,Jeon-Buk
29,37,100,L,Jeon-Buk
30,37,100,L,Jeon-Buk
31,37,100,L,Jeon-Buk
32,37,100,L,Jeon-Buk
33,37,100,L,Jeon-Buk
34,37,100,L,Jeon-Buk
35,37,100,L,Jeon-Buk
36,37,97,L,Jeon-Buk
37,37,3.5,L,Jeon-Buk
25,38,100,L,Jeon-Buk
26,38,100,L,Jeon-Buk
27,38,100,L,Jeon-Buk
28,38,100,L,Jeon-Buk
29,38,100,L,Jeon-Buk
30,38,100,L,Jeon-Buk
31,38,100,L,Jeon-Buk
32,38,100,L,Jeon-Buk
33,38,100,L,Jeon-Buk
34,38,100,L,Jeon-Buk
35,38,100,L,Jeon-Buk
36,38,100,L,Jeon-Buk
37,38,29,L,Jeon-Buk
24,39,100,L,Jeon-Buk
25,39,100,L,Jeon-Buk
27,39,100,L,Jeon-Buk
28,39,100,L,Jeon-Buk
29,39,100,L,Jeon-Buk
30,39,100,L,Jeon-Buk
31,39,100,L,Jeon-Buk
32,39,100,L,Jeon-Buk
33,39,100,L,Jeon-Buk
34,39,100,L,Jeon-Buk
35,39,100,L,Jeon-Buk
36,39,100,L,Jeon-Buk
37,39,72.2,L,Jeon-Buk
38,39,0,L,Jeon-Buk
21,40,100,L,Jeon-Buk
22,40,100,L,Jeon-Buk
24,40,100,L,Jeon-Buk
25,40,100,L,Jeon-Buk
27,40,100,L,Jeon-Buk
28,40,100,L,Jeon-Buk
29,40,100,L,Jeon-Buk
30,40,100,L,Jeon-Buk
31,40,100,L,Jeon-Buk
32,40,100,L,Jeon-Buk
33,40,100,L,Jeon-Buk
34,40,100,L,Jeon-Buk
35,40,100,L,Jeon-Buk
36,40,100,L,Jeon-Buk
37,40,100,L,Jeon-Buk
38,40,77.3,L,Jeon-Buk
39,40,12,L,Jeon-Buk
23,41,100,L,Jeon-Buk
26,41,100,L,Jeon-Buk
27,41,100,L,Jeon-Buk
28,41,100,L,Jeon-Buk
29,41,100,L,Jeon-Buk
30,41,100,L,Jeon-Buk
31,41,100,L,Jeon-Buk
32,41,100,L,Jeon-Buk
33,41,100,L,Jeon-Buk
34,41,100,L,Jeon-Buk
35,41,86.3,L,Jeon-Buk
36,41,100,L,Jeon-Buk
37,41,100,L,Jeon-Buk
38,41,100,L,Jeon-Buk
39,41,62,L,Jeon-Buk
25,42,100,L,Jeon-Buk
26,42,100,L,Jeon-Buk
28,42,20,L,Jeon-Buk
29,42,75.75,L,Jeon-Buk
30,42,100,L,Jeon-Buk
31,42,93.3,L,Jeon-Buk
32,42,96.35,L,Jeon-Buk
33,42,100,L,Jeon-Buk
34,42,54.6,L,Jeon-Buk
36,42,34.5,L,Jeon-Buk
22,38,100,L,Jeon-Buk
23,38,100,L,Jeon-Buk
24,38,100,L,Jeon-Buk
23,39,100,L,Jeon-Buk
26,39,100,L,Jeon-Buk
23,40,100,L,Jeon-Buk
26,40,100,L,Jeon-Buk
22,41,100,L,Jeon-Buk
24,41,100,L,Jeon-Buk
25,41,100,L,Jeon-Buk
20,42,100,L,Jeon-Buk
21,42,100,L,Jeon-Buk
23,42,100,L,Jeon-Buk
24,42,100,L,Jeon-Buk
37,42,63.4,L,Jeon-Buk
38,42,36.6,L,Jeon-Buk
39,42,20.8,L,Jeon-Buk
20,43,100,L,Jeon-Buk
21,43,100,L,Jeon-Buk
29,43,23.9,L,Jeon-Buk
30,43,73.1,L,Jeon-Buk
31,43,24.5,L,Jeon-Buk
32,43,0,L,Jeon-Buk
33,43,30.5,L,Jeon-Buk
34,43,13.5,L,Jeon-Buk
34,17,100,M,Jeon-Nam
11,18,100,M,Jeon-Nam
12,18,100,M,Jeon-Nam
26,18,100,M,Jeon-Nam
27,18,100,M,Jeon-Nam
33,18,100,M,Jeon-Nam
34,18,100,M,Jeon-Nam
35,18,100,M,Jeon-Nam
36,18,100,M,Jeon-Nam
37,18,100,M,Jeon-Nam
11,19,100,M,Jeon-Nam
20,19,100,M,Jeon-Nam
25,19,100,M,Jeon-Nam
26,19,100,M,Jeon-Nam
27,19,100,M,Jeon-Nam
28,19,100,M,Jeon-Nam
29,19,100,M,Jeon-Nam
30,19,100,M,Jeon-Nam
31,19,100,M,Jeon-Nam
34,19,100,M,Jeon-Nam
36,19,100,M,Jeon-Nam
15,20,100,M,Jeon-Nam
19,20,100,M,Jeon-Nam
20,20,100,M,Jeon-Nam
21,20,100,M,Jeon-Nam
22,20,100,M,Jeon-Nam
24,20,100,M,Jeon-Nam
25,20,100,M,Jeon-Nam
26,20,100,M,Jeon-Nam
27,20,100,M,Jeon-Nam
28,20,100,M,Jeon-Nam
29,20,100,M,Jeon-Nam
30,20,100,M,Jeon-Nam
31,20,100,M,Jeon-Nam
32,20,100,M,Jeon-Nam
33,20,100,M,Jeon-Nam
35,20,100,M,Jeon-Nam
36,20,100,M,Jeon-Nam
20,21,100,M,Jeon-Nam
21,21,100,M,Jeon-Nam
22,21,100,M,Jeon-Nam
23,21,100,M,Jeon-Nam
24,21,100,M,Jeon-Nam
25,21,100,M,Jeon-Nam
26,21,100,M,Jeon-Nam
27,21,100,M,Jeon-Nam
28,21,100,M,Jeon-Nam
29,21,100,M,Jeon-Nam
30,21,100,M,Jeon-Nam
31,21,100,M,Jeon-Nam
32,21,100,M,Jeon-Nam
33,21,100,M,Jeon-Nam
34,21,100,M,Jeon-Nam
36,21,100,M,Jeon-Nam
13,22,100,M,Jeon-Nam
14,22,100,M,Jeon-Nam
20,22,100,M,Jeon-Nam
21,22,100,M,Jeon-Nam
22,22,100,M,Jeon-Nam
23,22,100,M,Jeon-Nam
24,22,100,M,Jeon-Nam
25,22,100,M,Jeon-Nam
26,22,100,M,Jeon-Nam
27,22,100,M,Jeon-Nam
28,22,100,M,Jeon-Nam
29,22,100,M,Jeon-Nam
30,22,100,M,Jeon-Nam
31,22,100,M,Jeon-Nam
32,22,100,M,Jeon-Nam
33,22,100,M,Jeon-Nam
35,22,100,M,Jeon-Nam
36,22,100,M,Jeon-Nam
38,22,100,M,Jeon-Nam
39,22,100,M,Jeon-Nam
40,22,100,M,Jeon-Nam
13,23,100,M,Jeon-Nam
14,23,100,M,Jeon-Nam
17,23,100,M,Jeon-Nam
20,23,100,M,Jeon-Nam
21,23,100,M,Jeon-Nam
22,23,100,M,Jeon-Nam
23,23,100,M,Jeon-Nam
24,23,100,M,Jeon-Nam
25,23,100,M,Jeon-Nam
26,23,100,M,Jeon-Nam
27,23,100,M,Jeon-Nam
28,23,100,M,Jeon-Nam
29,23,100,M,Jeon-Nam
30,23,100,M,Jeon-Nam
31,23,100,M,Jeon-Nam
32,23,100,M,Jeon-Nam
33,23,100,M,Jeon-Nam
34,23,100,M,Jeon-Nam
35,23,100,M,Jeon-Nam
36,23,100,M,Jeon-Nam
38,23,100,M,Jeon-Nam
39,23,100,M,Jeon-Nam
17,24,100,M,Jeon-Nam
19,24,100,M,Jeon-Nam
20,24,100,M,Jeon-Nam
21,24,100,M,Jeon-Nam
22,24,100,M,Jeon-Nam
23,24,100,M,Jeon-Nam
24,24,100,M,Jeon-Nam
25,24,100,M,Jeon-Nam
26,24,100,M,Jeon-Nam
27,24,100,M,Jeon-Nam
28,24,100,M,Jeon-Nam
29,24,100,M,Jeon-Nam
30,24,100,M,Jeon-Nam
31,24,100,M,Jeon-Nam
32,24,100,M,Jeon-Nam
33,24,100,M,Jeon-Nam
34,24,100,M,Jeon-Nam
35,24,100,M,Jeon-Nam
36,24,100,M,Jeon-Nam
37,24,100,M,Jeon-Nam
38,24,100,M,Jeon-Nam
39,24,100,M,Jeon-Nam
12,25,100,M,Jeon-Nam
13,25,100,M,Jeon-Nam
14,25,100,M,Jeon-Nam
15,25,100,M,Jeon-Nam
19,25,100,M,Jeon-Nam
20,25,100,M,Jeon-Nam
21,25,100,M,Jeon-Nam
22,25,100,M,Jeon-Nam
23,25,100,M,Jeon-Nam
24,25,100,M,Jeon-Nam
25,25,100,M,Jeon-Nam
26,25,100,M,Jeon-Nam
27,25,100,M,Jeon-Nam
28,25,100,M,Jeon-Nam
29,25,100,M,Jeon-Nam
30,25,100,M,Jeon-Nam
31,25,100,M,Jeon-Nam
32,25,100,M,Jeon-Nam
33,25,100,M,Jeon-Nam
34,25,100,M,Jeon-Nam
35,25,100,M,Jeon-Nam
36,25,100,M,Jeon-Nam
37,25,100,M,Jeon-Nam
38,25,100,M,Jeon-Nam
39,25,100,M,Jeon-Nam
12,26,100,M,Jeon-Nam
13,26,100,M,Jeon-Nam
14,26,100,M,Jeon-Nam
15,26,100,M,Jeon-Nam
19,26,100,M,Jeon-Nam
20,26,100,M,Jeon-Nam
21,26,100,M,Jeon-Nam
22,26,100,M,Jeon-Nam
23,26,100,M,Jeon-Nam
24,26,100,M,Jeon-Nam
25,26,100,M,Jeon-Nam
26,26,100,M,Jeon-Nam
27,26,100,M,Jeon-Nam
28,26,100,M,Jeon-Nam
29,26,100,M,Jeon-Nam
30,26,100,M,Jeon-Nam
31,26,100,M,Jeon-Nam
32,26,100,M,Jeon-Nam
33,26,100,M,Jeon-Nam
34,26,100,M,Jeon-Nam
35,26,100,M,Jeon-Nam
36,26,100,M,Jeon-Nam
37,26,100,M,Jeon-Nam
38,26,100,M,Jeon-Nam
18,27,100,M,Jeon-Nam
19,27,100,M,Jeon-Nam
20,27,100,M,Jeon-Nam
21,27,100,M,Jeon-Nam
22,27,100,M,Jeon-Nam
23,27,100,M,Jeon-Nam
24,27,100,M,Jeon-Nam
25,27,100,M,Jeon-Nam
26,27,100,M,Jeon-Nam
27,27,100,M,Jeon-Nam
28,27,100,M,Jeon-Nam
29,27,100,M,Jeon-Nam
30,27,100,M,Jeon-Nam
31,27,100,M,Jeon-Nam
32,27,100,M,Jeon-Nam
33,27,100,M,Jeon-Nam
34,27,100,M,Jeon-Nam
35,27,100,M,Jeon-Nam
36,27,100,M,Jeon-Nam
37,27,100,M,Jeon-Nam
38,27,100,M,Jeon-Nam
20,28,100,M,Jeon-Nam
21,28,100,M,Jeon-Nam
22,28,100,M,Jeon-Nam
23,28,100,M,Jeon-Nam
24,28,100,M,Jeon-Nam
25,28,100,M,Jeon-Nam
26,28,100,M,Jeon-Nam
27,28,100,M,Jeon-Nam
28,28,100,M,Jeon-Nam
29,28,100,M,Jeon-Nam
30,28,100,M,Jeon-Nam
31,28,100,M,Jeon-Nam
32,28,100,M,Jeon-Nam
33,28,100,M,Jeon-Nam
34,28,100,M,Jeon-Nam
35,28,100,M,Jeon-Nam
36,28,100,M,Jeon-Nam
37,28,100,M,Jeon-Nam
38,28,100,M,Jeon-Nam
20,29,100,M,Jeon-Nam
21,29,100,M,Jeon-Nam
22,29,100,M,Jeon-Nam
23,29,100,M,Jeon-Nam
24,29,100,M,Jeon-Nam
25,29,100,M,Jeon-Nam
26,29,100,M,Jeon-Nam
27,29,100,M,Jeon-Nam
28,29,100,M,Jeon-Nam
29,29,100,M,Jeon-Nam
30,29,100,M,Jeon-Nam
31,29,100,M,Jeon-Nam
32,29,100,M,Jeon-Nam
33,29,100,M,Jeon-Nam
34,29,100,M,Jeon-Nam
35,29,100,M,Jeon-Nam
36,29,100,M,Jeon-Nam
37,29,100,M,Jeon-Nam
38,29,72,M,Jeon-Nam
20,30,100,M,Jeon-Nam
21,30,100,M,Jeon-Nam
22,30,100,M,Jeon-Nam
23,30,100,M,Jeon-Nam
24,30,100,M,Jeon-Nam
25,30,100,M,Jeon-Nam
26,30,100,M,Jeon-Nam
27,30,100,M,Jeon-Nam
28,30,81.4,M,Jeon-Nam
29,30,67.9,M,Jeon-Nam
30,30,88.5,M,Jeon-Nam
31,30,100,M,Jeon-Nam
32,30,100,M,Jeon-Nam
33,30,100,M,Jeon-Nam
34,30,100,M,Jeon-Nam
35,30,100,M,Jeon-Nam
36,30,100,M,Jeon-Nam
37,30,100,M,Jeon-Nam
38,30,57,M,Jeon-Nam
19,31,100,M,Jeon-Nam
20,31,100,M,Jeon-Nam
21,31,100,M,Jeon-Nam
22,31,100,M,Jeon-Nam
23,31,100,M,Jeon-Nam
24,31,100,M,Jeon-Nam
25,31,100,M,Jeon-Nam
26,31,100,M,Jeon-Nam
27,31,60.6,M,Jeon-Nam
28,31,7,M,Jeon-Nam
30,31,3,M,Jeon-Nam
31,31,94.8,M,Jeon-Nam
32,31,100,M,Jeon-Nam
33,31,100,M,Jeon-Nam
34,31,100,M,Jeon-Nam
35,31,100,M,Jeon-Nam
36,31,100,M,Jeon-Nam
37,31,77.2,M,Jeon-Nam
38,31,0,M,Jeon-Nam
20,32,100,M,Jeon-Nam
21,32,100,M,Jeon-Nam
22,32,100,M,Jeon-Nam
23,32,100,M,Jeon-Nam
24,32,100,M,Jeon-Nam
25,32,100,M,Jeon-Nam
26,32,100,M,Jeon-Nam
27,32,87.5,M,Jeon-Nam
28,32,36.2,M,Jeon-Nam
29,32,28.5,M,Jeon-Nam
30,32,53.6,M,Jeon-Nam
31,32,100,M,Jeon-Nam
32,32,100,M,Jeon-Nam
33,32,100,M,Jeon-Nam
34,32,100,M,Jeon-Nam
35,32,100,M,Jeon-Nam
36,32,100,M,Jeon-Nam
37,32,11.6,M,Jeon-Nam
20,33,100,M,Jeon-Nam
21,33,100,M,Jeon-Nam
22,33,100,M,Jeon-Nam
23,33,100,M,Jeon-Nam
24,33,100,M,Jeon-Nam
25,33,100,M,Jeon-Nam
26,33,68,M,Jeon-Nam
27,33,86.7,M,Jeon-Nam
28,33,100,M,Jeon-Nam
29,33,100,M,Jeon-Nam
30,33,100,M,Jeon-Nam
31,33,77.7,M,Jeon-Nam
32,33,71.6,M,Jeon-Nam
33,33,74.2,M,Jeon-Nam
34,33,70.7,M,Jeon-Nam
35,33,100,M,Jeon-Nam
36,33,69,M,Jeon-Nam
37,33,0,M,Jeon-Nam
20,34,100,M,Jeon-Nam
21,34,100,M,Jeon-Nam
22,34,100,M,Jeon-Nam
24,34,100,M,Jeon-Nam
25,34,100,M,Jeon-Nam
26,34,0,M,Jeon-Nam
27,34,0,M,Jeon-Nam
28,34,77,M,Jeon-Nam
29,34,100,M,Jeon-Nam
30,34,80.5,M,Jeon-Nam
31,34,44.5,M,Jeon-Nam
35,34,26.4,M,Jeon-Nam
36,34,2.3,M,Jeon-Nam
25,35,0,M,Jeon-Nam
28,35,27.2,M,Jeon-Nam
29,35,44.2,M,Jeon-Nam
30,35,7.7,M,Jeon-Nam
31,35,13.4,M,Jeon-Nam
23,6,100,N,Jeju
23,7,100,N,Jeju
24,7,100,N,Jeju
22,8,100,N,Jeju
23,8,100,N,Jeju
24,8,100,N,Jeju
25,8,100,N,Jeju
26,8,100,N,Jeju
27,8,100,N,Jeju
28,8,100,N,Jeju
22,9,100,N,Jeju
23,9,100,N,Jeju
24,9,100,N,Jeju
25,9,100,N,Jeju
26,9,100,N,Jeju
27,9,100,N,Jeju
28,9,100,N,Jeju
29,9,100,N,Jeju
23,10,100,N,Jeju
24,10,100,N,Jeju
25,10,100,N,Jeju
26,10,100,N,Jeju
27,10,100,N,Jeju
28,10,100,N,Jeju
29,10,100,N,Jeju
30,10,100,N,Jeju
24,11,100,N,Jeju
25,11,100,N,Jeju
26,11,100,N,Jeju
27,11,100,N,Jeju
28,11,100,N,Jeju
29,11,100,N,Jeju
30,11,100,N,Jeju
27,12,100,N,Jeju
28,12,100,N,Jeju
29,12,100,N,Jeju
24,14,100,N,Jeju
24,16,100,N,Jeju
23,17,100,N,Jeju
24,17,100,N,Jeju
25,17,100,N,Jeju
33,44,15,O,Daejeon
34,44,34.2,O,Daejeon
35,44,25,O,Daejeon
33,45,64.1,O,Daejeon
34,45,93.3,O,Daejeon
35,45,61,O,Daejeon
33,46,53,O,Daejeon
34,46,100,O,Daejeon
35,46,87,O,Daejeon
36,46,3,O,Daejeon
33,47,3.5,O,Daejeon
34,47,63,O,Daejeon
35,47,36.5,O,Daejeon
36,47,0.6,O,Daejeon
34,48,0,O,Daejeon
53,34,30,P,Ulsan
54,34,100,P,Ulsan
51,35,0,P,Ulsan
52,35,43,P,Ulsan
53,35,96.5,P,Ulsan
54,35,100,P,Ulsan
50,36,12,P,Ulsan
51,36,57,P,Ulsan
52,36,100,P,Ulsan
53,36,100,P,Ulsan
54,36,100,P,Ulsan
55,36,100,P,Ulsan
50,37,32,P,Ulsan
51,37,100,P,Ulsan
52,37,100,P,Ulsan
53,37,100,P,Ulsan
54,37,100,P,Ulsan
55,37,100,P,Ulsan
50,38,1,P,Ulsan
51,38,70,P,Ulsan
52,38,100,P,Ulsan
53,38,48,P,Ulsan
54,38,55,P,Ulsan
55,38,0,P,Ulsan
51,39,1.4,P,Ulsan
52,39,8,P,Ulsan
33,46,1,Q,Sejong
32,47,27.6,Q,Sejong
33,47,96,Q,Sejong
34,47,21,Q,Sejong
32,48,45.25,Q,Sejong
33,48,100,Q,Sejong
34,48,49,Q,Sejong
32,49,69.2,Q,Sejong
33,49,55.7,Q,Sejong
31,50,0,Q,Sejong
32,50,59.3,Q,Sejong
33,50,20.5,Q,Sejong
